title,year,rating,genre,mood,language,imdb,description
Movie 1,1991,PG,comedy,happy,Hindi,6.1,Sample description for Movie 1.
Movie 2,1992,PG-13,drama,motivated,Korean,6.2,Sample description for Movie 2.
Movie 3,1993,UA,horror,scared,Japanese,6.3,Sample description for Movie 3.
Movie 4,1994,R,romance,sad,Tamil,6.4,Sample description for Movie 4.
Movie 5,1995,G,sci-fi,relaxed,Telugu,6.5,Sample description for Movie 5.
Movie 6,1996,PG,fantasy,emotional,Punjabi,6.6,Sample description for Movie 6.
Movie 7,1997,PG-13,thriller,thrilling,English,6.7,Sample description for Movie 7.
Movie 8,1998,UA,adventure,excited,Hindi,6.8,Sample description for Movie 8.
Movie 9,1999,R,action,happy,Korean,6.9,Sample description for Movie 9.
Movie 10,2000,G,comedy,motivated,Japanese,7.0,Sample description for Movie 10.
Movie 11,2001,PG,drama,scared,Tamil,7.1,Sample description for Movie 11.
Movie 12,2002,PG-13,horror,sad,Telugu,7.2,Sample description for Movie 12.
Movie 13,2003,UA,romance,relaxed,Punjabi,7.3,Sample description for Movie 13.
Movie 14,2004,R,sci-fi,emotional,English,7.4,Sample description for Movie 14.
Movie 15,2005,G,fantasy,thrilling,Hindi,7.5,Sample description for Movie 15.
Movie 16,2006,PG,thriller,excited,Korean,7.6,Sample description for Movie 16.
Movie 17,2007,PG-13,adventure,happy,Japanese,7.7,Sample description for Movie 17.
Movie 18,2008,UA,action,motivated,Tamil,7.8,Sample description for Movie 18.
Movie 19,2009,R,comedy,scared,Telugu,7.9,Sample description for Movie 19.
Movie 20,2010,G,drama,sad,Punjabi,8.0,Sample description for Movie 20.
Movie 21,2011,PG,horror,relaxed,English,8.1,Sample description for Movie 21.
Movie 22,2012,PG-13,romance,emotional,Hindi,8.2,Sample description for Movie 22.
Movie 23,2013,UA,sci-fi,thrilling,Korean,8.3,Sample description for Movie 23.
Movie 24,2014,R,fantasy,excited,Japanese,8.4,Sample description for Movie 24.
Movie 25,2015,G,thriller,happy,Tamil,8.5,Sample description for Movie 25.
Movie 26,2016,PG,adventure,motivated,Telugu,8.6,Sample description for Movie 26.
Movie 27,2017,PG-13,action,scared,Punjabi,8.7,Sample description for Movie 27.
Movie 28,2018,UA,comedy,sad,English,8.8,Sample description for Movie 28.
Movie 29,2019,R,drama,relaxed,Hindi,8.9,Sample description for Movie 29.
Movie 30,2020,G,horror,emotional,Korean,9.0,Sample description for Movie 30.
Movie 31,2021,PG,romance,thrilling,Japanese,9.1,Sample description for Movie 31.
Movie 32,2022,PG-13,sci-fi,excited,Tamil,9.2,Sample description for Movie 32.
Movie 33,2023,UA,fantasy,happy,Telugu,9.3,Sample description for Movie 33.
Movie 34,2024,R,thriller,motivated,Punjabi,9.4,Sample description for Movie 34.
Movie 35,2025,G,adventure,scared,English,6.0,Sample description for Movie 35.
Movie 36,1990,PG,action,sad,Hindi,6.1,Sample description for Movie 36.
Movie 37,1991,PG-13,comedy,relaxed,Korean,6.2,Sample description for Movie 37.
Movie 38,1992,UA,drama,emotional,Japanese,6.3,Sample description for Movie 38.
Movie 39,1993,R,horror,thrilling,Tamil,6.4,Sample description for Movie 39.
Movie 40,1994,G,romance,excited,Telugu,6.5,Sample description for Movie 40.
Movie 41,1995,PG,sci-fi,happy,Punjabi,6.6,Sample description for Movie 41.
Movie 42,1996,PG-13,fantasy,motivated,English,6.7,Sample description for Movie 42.
Movie 43,1997,UA,thriller,scared,Hindi,6.8,Sample description for Movie 43.
Movie 44,1998,R,adventure,sad,Korean,6.9,Sample description for Movie 44.
Movie 45,1999,G,action,relaxed,Japanese,7.0,Sample description for Movie 45.
Movie 46,2000,PG,comedy,emotional,Tamil,7.1,Sample description for Movie 46.
Movie 47,2001,PG-13,drama,thrilling,Telugu,7.2,Sample description for Movie 47.
Movie 48,2002,UA,horror,excited,Punjabi,7.3,Sample description for Movie 48.
Movie 49,2003,R,romance,happy,English,7.4,Sample description for Movie 49.
Movie 50,2004,G,sci-fi,motivated,Hindi,7.5,Sample description for Movie 50.
Movie 51,2005,PG,fantasy,scared,Korean,7.6,Sample description for Movie 51.
Movie 52,2006,PG-13,thriller,sad,Japanese,7.7,Sample description for Movie 52.
Movie 53,2007,UA,adventure,relaxed,Tamil,7.8,Sample description for Movie 53.
Movie 54,2008,R,action,emotional,Telugu,7.9,Sample description for Movie 54.
Movie 55,2009,G,comedy,thrilling,Punjabi,8.0,Sample description for Movie 55.
Movie 56,2010,PG,drama,excited,English,8.1,Sample description for Movie 56.
Movie 57,2011,PG-13,horror,happy,Hindi,8.2,Sample description for Movie 57.
Movie 58,2012,UA,romance,motivated,Korean,8.3,Sample description for Movie 58.
Movie 59,2013,R,sci-fi,scared,Japanese,8.4,Sample description for Movie 59.
Movie 60,2014,G,fantasy,sad,Tamil,8.5,Sample description for Movie 60.
Movie 61,2015,PG,thriller,relaxed,Telugu,8.6,Sample description for Movie 61.
Movie 62,2016,PG-13,adventure,emotional,Punjabi,8.7,Sample description for Movie 62.
Movie 63,2017,UA,action,thrilling,English,8.8,Sample description for Movie 63.
Movie 64,2018,R,comedy,excited,Hindi,8.9,Sample description for Movie 64.
Movie 65,2019,G,drama,happy,Korean,9.0,Sample description for Movie 65.
Movie 66,2020,PG,horror,motivated,Japanese,9.1,Sample description for Movie 66.
Movie 67,2021,PG-13,romance,scared,Tamil,9.2,Sample description for Movie 67.
Movie 68,2022,UA,sci-fi,sad,Telugu,9.3,Sample description for Movie 68.
Movie 69,2023,R,fantasy,relaxed,Punjabi,9.4,Sample description for Movie 69.
Movie 70,2024,G,thriller,emotional,English,6.0,Sample description for Movie 70.
Movie 71,2025,PG,adventure,thrilling,Hindi,6.1,Sample description for Movie 71.
Movie 72,1990,PG-13,action,excited,Korean,6.2,Sample description for Movie 72.
Movie 73,1991,UA,comedy,happy,Japanese,6.3,Sample description for Movie 73.
Movie 74,1992,R,drama,motivated,Tamil,6.4,Sample description for Movie 74.
Movie 75,1993,G,horror,scared,Telugu,6.5,Sample description for Movie 75.
Movie 76,1994,PG,romance,sad,Punjabi,6.6,Sample description for Movie 76.
Movie 77,1995,PG-13,sci-fi,relaxed,English,6.7,Sample description for Movie 77.
Movie 78,1996,UA,fantasy,emotional,Hindi,6.8,Sample description for Movie 78.
Movie 79,1997,R,thriller,thrilling,Korean,6.9,Sample description for Movie 79.
Movie 80,1998,G,adventure,excited,Japanese,7.0,Sample description for Movie 80.
Movie 81,1999,PG,action,happy,Tamil,7.1,Sample description for Movie 81.
Movie 82,2000,PG-13,comedy,motivated,Telugu,7.2,Sample description for Movie 82.
Movie 83,2001,UA,drama,scared,Punjabi,7.3,Sample description for Movie 83.
Movie 84,2002,R,horror,sad,English,7.4,Sample description for Movie 84.
Movie 85,2003,G,romance,relaxed,Hindi,7.5,Sample description for Movie 85.
Movie 86,2004,PG,sci-fi,emotional,Korean,7.6,Sample description for Movie 86.
Movie 87,2005,PG-13,fantasy,thrilling,Japanese,7.7,Sample description for Movie 87.
Movie 88,2006,UA,thriller,excited,Tamil,7.8,Sample description for Movie 88.
Movie 89,2007,R,adventure,happy,Telugu,7.9,Sample description for Movie 89.
Movie 90,2008,G,action,motivated,Punjabi,8.0,Sample description for Movie 90.
Movie 91,2009,PG,comedy,scared,English,8.1,Sample description for Movie 91.
Movie 92,2010,PG-13,drama,sad,Hindi,8.2,Sample description for Movie 92.
Movie 93,2011,UA,horror,relaxed,Korean,8.3,Sample description for Movie 93.
Movie 94,2012,R,romance,emotional,Japanese,8.4,Sample description for Movie 94.
Movie 95,2013,G,sci-fi,thrilling,Tamil,8.5,Sample description for Movie 95.
Movie 96,2014,PG,fantasy,excited,Telugu,8.6,Sample description for Movie 96.
Movie 97,2015,PG-13,thriller,happy,Punjabi,8.7,Sample description for Movie 97.
Movie 98,2016,UA,adventure,motivated,English,8.8,Sample description for Movie 98.
Movie 99,2017,R,action,scared,Hindi,8.9,Sample description for Movie 99.
Movie 100,2018,G,comedy,sad,Korean,9.0,Sample description for Movie 100.
Movie 101,2019,PG,drama,relaxed,Japanese,9.1,Sample description for Movie 101.
Movie 102,2020,PG-13,horror,emotional,Tamil,9.2,Sample description for Movie 102.
Movie 103,2021,UA,romance,thrilling,Telugu,9.3,Sample description for Movie 103.
Movie 104,2022,R,sci-fi,excited,Punjabi,9.4,Sample description for Movie 104.
Movie 105,2023,G,fantasy,happy,English,6.0,Sample description for Movie 105.
Movie 106,2024,PG,thriller,motivated,Hindi,6.1,Sample description for Movie 106.
Movie 107,2025,PG-13,adventure,scared,Korean,6.2,Sample description for Movie 107.
Movie 108,1990,UA,action,sad,Japanese,6.3,Sample description for Movie 108.
Movie 109,1991,R,comedy,relaxed,Tamil,6.4,Sample description for Movie 109.
Movie 110,1992,G,drama,emotional,Telugu,6.5,Sample description for Movie 110.
Movie 111,1993,PG,horror,thrilling,Punjabi,6.6,Sample description for Movie 111.
Movie 112,1994,PG-13,romance,excited,English,6.7,Sample description for Movie 112.
Movie 113,1995,UA,sci-fi,happy,Hindi,6.8,Sample description for Movie 113.
Movie 114,1996,R,fantasy,motivated,Korean,6.9,Sample description for Movie 114.
Movie 115,1997,G,thriller,scared,Japanese,7.0,Sample description for Movie 115.
Movie 116,1998,PG,adventure,sad,Tamil,7.1,Sample description for Movie 116.
Movie 117,1999,PG-13,action,relaxed,Telugu,7.2,Sample description for Movie 117.
Movie 118,2000,UA,comedy,emotional,Punjabi,7.3,Sample description for Movie 118.
Movie 119,2001,R,drama,thrilling,English,7.4,Sample description for Movie 119.
Movie 120,2002,G,horror,excited,Hindi,7.5,Sample description for Movie 120.
Movie 121,2003,PG,romance,happy,Korean,7.6,Sample description for Movie 121.
Movie 122,2004,PG-13,sci-fi,motivated,Japanese,7.7,Sample description for Movie 122.
Movie 123,2005,UA,fantasy,scared,Tamil,7.8,Sample description for Movie 123.
Movie 124,2006,R,thriller,sad,Telugu,7.9,Sample description for Movie 124.
Movie 125,2007,G,adventure,relaxed,Punjabi,8.0,Sample description for Movie 125.
Movie 126,2008,PG,action,emotional,English,8.1,Sample description for Movie 126.
Movie 127,2009,PG-13,comedy,thrilling,Hindi,8.2,Sample description for Movie 127.
Movie 128,2010,UA,drama,excited,Korean,8.3,Sample description for Movie 128.
Movie 129,2011,R,horror,happy,Japanese,8.4,Sample description for Movie 129.
Movie 130,2012,G,romance,motivated,Tamil,8.5,Sample description for Movie 130.
Movie 131,2013,PG,sci-fi,scared,Telugu,8.6,Sample description for Movie 131.
Movie 132,2014,PG-13,fantasy,sad,Punjabi,8.7,Sample description for Movie 132.
Movie 133,2015,UA,thriller,relaxed,English,8.8,Sample description for Movie 133.
Movie 134,2016,R,adventure,emotional,Hindi,8.9,Sample description for Movie 134.
Movie 135,2017,G,action,thrilling,Korean,9.0,Sample description for Movie 135.
Movie 136,2018,PG,comedy,excited,Japanese,9.1,Sample description for Movie 136.
Movie 137,2019,PG-13,drama,happy,Tamil,9.2,Sample description for Movie 137.
Movie 138,2020,UA,horror,motivated,Telugu,9.3,Sample description for Movie 138.
Movie 139,2021,R,romance,scared,Punjabi,9.4,Sample description for Movie 139.
Movie 140,2022,G,sci-fi,sad,English,6.0,Sample description for Movie 140.
Movie 141,2023,PG,fantasy,relaxed,Hindi,6.1,Sample description for Movie 141.
Movie 142,2024,PG-13,thriller,emotional,Korean,6.2,Sample description for Movie 142.
Movie 143,2025,UA,adventure,thrilling,Japanese,6.3,Sample description for Movie 143.
Movie 144,1990,R,action,excited,Tamil,6.4,Sample description for Movie 144.
Movie 145,1991,G,comedy,happy,Telugu,6.5,Sample description for Movie 145.
Movie 146,1992,PG,drama,motivated,Punjabi,6.6,Sample description for Movie 146.
Movie 147,1993,PG-13,horror,scared,English,6.7,Sample description for Movie 147.
Movie 148,1994,UA,romance,sad,Hindi,6.8,Sample description for Movie 148.
Movie 149,1995,R,sci-fi,relaxed,Korean,6.9,Sample description for Movie 149.
Movie 150,1996,G,fantasy,emotional,Japanese,7.0,Sample description for Movie 150.
Movie 151,1997,PG,thriller,thrilling,Tamil,7.1,Sample description for Movie 151.
Movie 152,1998,PG-13,adventure,excited,Telugu,7.2,Sample description for Movie 152.
Movie 153,1999,UA,action,happy,Punjabi,7.3,Sample description for Movie 153.
Movie 154,2000,R,comedy,motivated,English,7.4,Sample description for Movie 154.
Movie 155,2001,G,drama,scared,Hindi,7.5,Sample description for Movie 155.
Movie 156,2002,PG,horror,sad,Korean,7.6,Sample description for Movie 156.
Movie 157,2003,PG-13,romance,relaxed,Japanese,7.7,Sample description for Movie 157.
Movie 158,2004,UA,sci-fi,emotional,Tamil,7.8,Sample description for Movie 158.
Movie 159,2005,R,fantasy,thrilling,Telugu,7.9,Sample description for Movie 159.
Movie 160,2006,G,thriller,excited,Punjabi,8.0,Sample description for Movie 160.
Movie 161,2007,PG,adventure,happy,English,8.1,Sample description for Movie 161.
Movie 162,2008,PG-13,action,motivated,Hindi,8.2,Sample description for Movie 162.
Movie 163,2009,UA,comedy,scared,Korean,8.3,Sample description for Movie 163.
Movie 164,2010,R,drama,sad,Japanese,8.4,Sample description for Movie 164.
Movie 165,2011,G,horror,relaxed,Tamil,8.5,Sample description for Movie 165.
Movie 166,2012,PG,romance,emotional,Telugu,8.6,Sample description for Movie 166.
Movie 167,2013,PG-13,sci-fi,thrilling,Punjabi,8.7,Sample description for Movie 167.
Movie 168,2014,UA,fantasy,excited,English,8.8,Sample description for Movie 168.
Movie 169,2015,R,thriller,happy,Hindi,8.9,Sample description for Movie 169.
Movie 170,2016,G,adventure,motivated,Korean,9.0,Sample description for Movie 170.
Movie 171,2017,PG,action,scared,Japanese,9.1,Sample description for Movie 171.
Movie 172,2018,PG-13,comedy,sad,Tamil,9.2,Sample description for Movie 172.
Movie 173,2019,UA,drama,relaxed,Telugu,9.3,Sample description for Movie 173.
Movie 174,2020,R,horror,emotional,Punjabi,9.4,Sample description for Movie 174.
Movie 175,2021,G,romance,thrilling,English,6.0,Sample description for Movie 175.
Movie 176,2022,PG,sci-fi,excited,Hindi,6.1,Sample description for Movie 176.
Movie 177,2023,PG-13,fantasy,happy,Korean,6.2,Sample description for Movie 177.
Movie 178,2024,UA,thriller,motivated,Japanese,6.3,Sample description for Movie 178.
Movie 179,2025,R,adventure,scared,Tamil,6.4,Sample description for Movie 179.
Movie 180,1990,G,action,sad,Telugu,6.5,Sample description for Movie 180.
Movie 181,1991,PG,comedy,relaxed,Punjabi,6.6,Sample description for Movie 181.
Movie 182,1992,PG-13,drama,emotional,English,6.7,Sample description for Movie 182.
Movie 183,1993,UA,horror,thrilling,Hindi,6.8,Sample description for Movie 183.
Movie 184,1994,R,romance,excited,Korean,6.9,Sample description for Movie 184.
Movie 185,1995,G,sci-fi,happy,Japanese,7.0,Sample description for Movie 185.
Movie 186,1996,PG,fantasy,motivated,Tamil,7.1,Sample description for Movie 186.
Movie 187,1997,PG-13,thriller,scared,Telugu,7.2,Sample description for Movie 187.
Movie 188,1998,UA,adventure,sad,Punjabi,7.3,Sample description for Movie 188.
Movie 189,1999,R,action,relaxed,English,7.4,Sample description for Movie 189.
Movie 190,2000,G,comedy,emotional,Hindi,7.5,Sample description for Movie 190.
Movie 191,2001,PG,drama,thrilling,Korean,7.6,Sample description for Movie 191.
Movie 192,2002,PG-13,horror,excited,Japanese,7.7,Sample description for Movie 192.
Movie 193,2003,UA,romance,happy,Tamil,7.8,Sample description for Movie 193.
Movie 194,2004,R,sci-fi,motivated,Telugu,7.9,Sample description for Movie 194.
Movie 195,2005,G,fantasy,scared,Punjabi,8.0,Sample description for Movie 195.
Movie 196,2006,PG,thriller,sad,English,8.1,Sample description for Movie 196.
Movie 197,2007,PG-13,adventure,relaxed,Hindi,8.2,Sample description for Movie 197.
Movie 198,2008,UA,action,emotional,Korean,8.3,Sample description for Movie 198.
Movie 199,2009,R,comedy,thrilling,Japanese,8.4,Sample description for Movie 199.
Movie 200,2010,G,drama,excited,Tamil,8.5,Sample description for Movie 200.
Movie 201,2011,PG,horror,happy,Telugu,8.6,Sample description for Movie 201.
Movie 202,2012,PG-13,romance,motivated,Punjabi,8.7,Sample description for Movie 202.
Movie 203,2013,UA,sci-fi,scared,English,8.8,Sample description for Movie 203.
Movie 204,2014,R,fantasy,sad,Hindi,8.9,Sample description for Movie 204.
Movie 205,2015,G,thriller,relaxed,Korean,9.0,Sample description for Movie 205.
Movie 206,2016,PG,adventure,emotional,Japanese,9.1,Sample description for Movie 206.
Movie 207,2017,PG-13,action,thrilling,Tamil,9.2,Sample description for Movie 207.
Movie 208,2018,UA,comedy,excited,Telugu,9.3,Sample description for Movie 208.
Movie 209,2019,R,drama,happy,Punjabi,9.4,Sample description for Movie 209.
Movie 210,2020,G,horror,motivated,English,6.0,Sample description for Movie 210.
Movie 211,2021,PG,romance,scared,Hindi,6.1,Sample description for Movie 211.
Movie 212,2022,PG-13,sci-fi,sad,Korean,6.2,Sample description for Movie 212.
Movie 213,2023,UA,fantasy,relaxed,Japanese,6.3,Sample description for Movie 213.
Movie 214,2024,R,thriller,emotional,Tamil,6.4,Sample description for Movie 214.
Movie 215,2025,G,adventure,thrilling,Telugu,6.5,Sample description for Movie 215.
Movie 216,1990,PG,action,excited,Punjabi,6.6,Sample description for Movie 216.
Movie 217,1991,PG-13,comedy,happy,English,6.7,Sample description for Movie 217.
Movie 218,1992,UA,drama,motivated,Hindi,6.8,Sample description for Movie 218.
Movie 219,1993,R,horror,scared,Korean,6.9,Sample description for Movie 219.
Movie 220,1994,G,romance,sad,Japanese,7.0,Sample description for Movie 220.
Movie 221,1995,PG,sci-fi,relaxed,Tamil,7.1,Sample description for Movie 221.
Movie 222,1996,PG-13,fantasy,emotional,Telugu,7.2,Sample description for Movie 222.
Movie 223,1997,UA,thriller,thrilling,Punjabi,7.3,Sample description for Movie 223.
Movie 224,1998,R,adventure,excited,English,7.4,Sample description for Movie 224.
Movie 225,1999,G,action,happy,Hindi,7.5,Sample description for Movie 225.
Movie 226,2000,PG,comedy,motivated,Korean,7.6,Sample description for Movie 226.
Movie 227,2001,PG-13,drama,scared,Japanese,7.7,Sample description for Movie 227.
Movie 228,2002,UA,horror,sad,Tamil,7.8,Sample description for Movie 228.
Movie 229,2003,R,romance,relaxed,Telugu,7.9,Sample description for Movie 229.
Movie 230,2004,G,sci-fi,emotional,Punjabi,8.0,Sample description for Movie 230.
Movie 231,2005,PG,fantasy,thrilling,English,8.1,Sample description for Movie 231.
Movie 232,2006,PG-13,thriller,excited,Hindi,8.2,Sample description for Movie 232.
Movie 233,2007,UA,adventure,happy,Korean,8.3,Sample description for Movie 233.
Movie 234,2008,R,action,motivated,Japanese,8.4,Sample description for Movie 234.
Movie 235,2009,G,comedy,scared,Tamil,8.5,Sample description for Movie 235.
Movie 236,2010,PG,drama,sad,Telugu,8.6,Sample description for Movie 236.
Movie 237,2011,PG-13,horror,relaxed,Punjabi,8.7,Sample description for Movie 237.
Movie 238,2012,UA,romance,emotional,English,8.8,Sample description for Movie 238.
Movie 239,2013,R,sci-fi,thrilling,Hindi,8.9,Sample description for Movie 239.
Movie 240,2014,G,fantasy,excited,Korean,9.0,Sample description for Movie 240.
Movie 241,2015,PG,thriller,happy,Japanese,9.1,Sample description for Movie 241.
Movie 242,2016,PG-13,adventure,motivated,Tamil,9.2,Sample description for Movie 242.
Movie 243,2017,UA,action,scared,Telugu,9.3,Sample description for Movie 243.
Movie 244,2018,R,comedy,sad,Punjabi,9.4,Sample description for Movie 244.
Movie 245,2019,G,drama,relaxed,English,6.0,Sample description for Movie 245.
Movie 246,2020,PG,horror,emotional,Hindi,6.1,Sample description for Movie 246.
Movie 247,2021,PG-13,romance,thrilling,Korean,6.2,Sample description for Movie 247.
Movie 248,2022,UA,sci-fi,excited,Japanese,6.3,Sample description for Movie 248.
Movie 249,2023,R,fantasy,happy,Tamil,6.4,Sample description for Movie 249.
Movie 250,2024,G,thriller,motivated,Telugu,6.5,Sample description for Movie 250.
Movie 251,2025,PG,adventure,scared,Punjabi,6.6,Sample description for Movie 251.
Movie 252,1990,PG-13,action,sad,English,6.7,Sample description for Movie 252.
Movie 253,1991,UA,comedy,relaxed,Hindi,6.8,Sample description for Movie 253.
Movie 254,1992,R,drama,emotional,Korean,6.9,Sample description for Movie 254.
Movie 255,1993,G,horror,thrilling,Japanese,7.0,Sample description for Movie 255.
Movie 256,1994,PG,romance,excited,Tamil,7.1,Sample description for Movie 256.
Movie 257,1995,PG-13,sci-fi,happy,Telugu,7.2,Sample description for Movie 257.
Movie 258,1996,UA,fantasy,motivated,Punjabi,7.3,Sample description for Movie 258.
Movie 259,1997,R,thriller,scared,English,7.4,Sample description for Movie 259.
Movie 260,1998,G,adventure,sad,Hindi,7.5,Sample description for Movie 260.
Movie 261,1999,PG,action,relaxed,Korean,7.6,Sample description for Movie 261.
Movie 262,2000,PG-13,comedy,emotional,Japanese,7.7,Sample description for Movie 262.
Movie 263,2001,UA,drama,thrilling,Tamil,7.8,Sample description for Movie 263.
Movie 264,2002,R,horror,excited,Telugu,7.9,Sample description for Movie 264.
Movie 265,2003,G,romance,happy,Punjabi,8.0,Sample description for Movie 265.
Movie 266,2004,PG,sci-fi,motivated,English,8.1,Sample description for Movie 266.
Movie 267,2005,PG-13,fantasy,scared,Hindi,8.2,Sample description for Movie 267.
Movie 268,2006,UA,thriller,sad,Korean,8.3,Sample description for Movie 268.
Movie 269,2007,R,adventure,relaxed,Japanese,8.4,Sample description for Movie 269.
Movie 270,2008,G,action,emotional,Tamil,8.5,Sample description for Movie 270.
Movie 271,2009,PG,comedy,thrilling,Telugu,8.6,Sample description for Movie 271.
Movie 272,2010,PG-13,drama,excited,Punjabi,8.7,Sample description for Movie 272.
Movie 273,2011,UA,horror,happy,English,8.8,Sample description for Movie 273.
Movie 274,2012,R,romance,motivated,Hindi,8.9,Sample description for Movie 274.
Movie 275,2013,G,sci-fi,scared,Korean,9.0,Sample description for Movie 275.
Movie 276,2014,PG,fantasy,sad,Japanese,9.1,Sample description for Movie 276.
Movie 277,2015,PG-13,thriller,relaxed,Tamil,9.2,Sample description for Movie 277.
Movie 278,2016,UA,adventure,emotional,Telugu,9.3,Sample description for Movie 278.
Movie 279,2017,R,action,thrilling,Punjabi,9.4,Sample description for Movie 279.
Movie 280,2018,G,comedy,excited,English,6.0,Sample description for Movie 280.
Movie 281,2019,PG,drama,happy,Hindi,6.1,Sample description for Movie 281.
Movie 282,2020,PG-13,horror,motivated,Korean,6.2,Sample description for Movie 282.
Movie 283,2021,UA,romance,scared,Japanese,6.3,Sample description for Movie 283.
Movie 284,2022,R,sci-fi,sad,Tamil,6.4,Sample description for Movie 284.
Movie 285,2023,G,fantasy,relaxed,Telugu,6.5,Sample description for Movie 285.
Movie 286,2024,PG,thriller,emotional,Punjabi,6.6,Sample description for Movie 286.
Movie 287,2025,PG-13,adventure,thrilling,English,6.7,Sample description for Movie 287.
Movie 288,1990,UA,action,excited,Hindi,6.8,Sample description for Movie 288.
Movie 289,1991,R,comedy,happy,Korean,6.9,Sample description for Movie 289.
Movie 290,1992,G,drama,motivated,Japanese,7.0,Sample description for Movie 290.
Movie 291,1993,PG,horror,scared,Tamil,7.1,Sample description for Movie 291.
Movie 292,1994,PG-13,romance,sad,Telugu,7.2,Sample description for Movie 292.
Movie 293,1995,UA,sci-fi,relaxed,Punjabi,7.3,Sample description for Movie 293.
Movie 294,1996,R,fantasy,emotional,English,7.4,Sample description for Movie 294.
Movie 295,1997,G,thriller,thrilling,Hindi,7.5,Sample description for Movie 295.
Movie 296,1998,PG,adventure,excited,Korean,7.6,Sample description for Movie 296.
Movie 297,1999,PG-13,action,happy,Japanese,7.7,Sample description for Movie 297.
Movie 298,2000,UA,comedy,motivated,Tamil,7.8,Sample description for Movie 298.
Movie 299,2001,R,drama,scared,Telugu,7.9,Sample description for Movie 299.
Movie 300,2002,G,horror,sad,Punjabi,8.0,Sample description for Movie 300.
Movie 301,2003,PG,romance,relaxed,English,8.1,Sample description for Movie 301.
Movie 302,2004,PG-13,sci-fi,emotional,Hindi,8.2,Sample description for Movie 302.
Movie 303,2005,UA,fantasy,thrilling,Korean,8.3,Sample description for Movie 303.
Movie 304,2006,R,thriller,excited,Japanese,8.4,Sample description for Movie 304.
Movie 305,2007,G,adventure,happy,Tamil,8.5,Sample description for Movie 305.
Movie 306,2008,PG,action,motivated,Telugu,8.6,Sample description for Movie 306.
Movie 307,2009,PG-13,comedy,scared,Punjabi,8.7,Sample description for Movie 307.
Movie 308,2010,UA,drama,sad,English,8.8,Sample description for Movie 308.
Movie 309,2011,R,horror,relaxed,Hindi,8.9,Sample description for Movie 309.
Movie 310,2012,G,romance,emotional,Korean,9.0,Sample description for Movie 310.
Movie 311,2013,PG,sci-fi,thrilling,Japanese,9.1,Sample description for Movie 311.
Movie 312,2014,PG-13,fantasy,excited,Tamil,9.2,Sample description for Movie 312.
Movie 313,2015,UA,thriller,happy,Telugu,9.3,Sample description for Movie 313.
Movie 314,2016,R,adventure,motivated,Punjabi,9.4,Sample description for Movie 314.
Movie 315,2017,G,action,scared,English,6.0,Sample description for Movie 315.
Movie 316,2018,PG,comedy,sad,Hindi,6.1,Sample description for Movie 316.
Movie 317,2019,PG-13,drama,relaxed,Korean,6.2,Sample description for Movie 317.
Movie 318,2020,UA,horror,emotional,Japanese,6.3,Sample description for Movie 318.
Movie 319,2021,R,romance,thrilling,Tamil,6.4,Sample description for Movie 319.
Movie 320,2022,G,sci-fi,excited,Telugu,6.5,Sample description for Movie 320.
Movie 321,2023,PG,fantasy,happy,Punjabi,6.6,Sample description for Movie 321.
Movie 322,2024,PG-13,thriller,motivated,English,6.7,Sample description for Movie 322.
Movie 323,2025,UA,adventure,scared,Hindi,6.8,Sample description for Movie 323.
Movie 324,1990,R,action,sad,Korean,6.9,Sample description for Movie 324.
Movie 325,1991,G,comedy,relaxed,Japanese,7.0,Sample description for Movie 325.
Movie 326,1992,PG,drama,emotional,Tamil,7.1,Sample description for Movie 326.
Movie 327,1993,PG-13,horror,thrilling,Telugu,7.2,Sample description for Movie 327.
Movie 328,1994,UA,romance,excited,Punjabi,7.3,Sample description for Movie 328.
Movie 329,1995,R,sci-fi,happy,English,7.4,Sample description for Movie 329.
Movie 330,1996,G,fantasy,motivated,Hindi,7.5,Sample description for Movie 330.
Movie 331,1997,PG,thriller,scared,Korean,7.6,Sample description for Movie 331.
Movie 332,1998,PG-13,adventure,sad,Japanese,7.7,Sample description for Movie 332.
Movie 333,1999,UA,action,relaxed,Tamil,7.8,Sample description for Movie 333.
Movie 334,2000,R,comedy,emotional,Telugu,7.9,Sample description for Movie 334.
Movie 335,2001,G,drama,thrilling,Punjabi,8.0,Sample description for Movie 335.
Movie 336,2002,PG,horror,excited,English,8.1,Sample description for Movie 336.
Movie 337,2003,PG-13,romance,happy,Hindi,8.2,Sample description for Movie 337.
Movie 338,2004,UA,sci-fi,motivated,Korean,8.3,Sample description for Movie 338.
Movie 339,2005,R,fantasy,scared,Japanese,8.4,Sample description for Movie 339.
Movie 340,2006,G,thriller,sad,Tamil,8.5,Sample description for Movie 340.
Movie 341,2007,PG,adventure,relaxed,Telugu,8.6,Sample description for Movie 341.
Movie 342,2008,PG-13,action,emotional,Punjabi,8.7,Sample description for Movie 342.
Movie 343,2009,UA,comedy,thrilling,English,8.8,Sample description for Movie 343.
Movie 344,2010,R,drama,excited,Hindi,8.9,Sample description for Movie 344.
Movie 345,2011,G,horror,happy,Korean,9.0,Sample description for Movie 345.
Movie 346,2012,PG,romance,motivated,Japanese,9.1,Sample description for Movie 346.
Movie 347,2013,PG-13,sci-fi,scared,Tamil,9.2,Sample description for Movie 347.
Movie 348,2014,UA,fantasy,sad,Telugu,9.3,Sample description for Movie 348.
Movie 349,2015,R,thriller,relaxed,Punjabi,9.4,Sample description for Movie 349.
Movie 350,2016,G,adventure,emotional,English,6.0,Sample description for Movie 350.
